"","Peso.Ave.S1","Peso.Ave.S4","Peso.Ave.S10","Peso.Ave.S14","X..Uniformidad.S1","X..Uniformidad.S4","X..Uniformidad.S10","X..Uniformidad.S14","gr.ave.dia..S1","gr.ave.dia..S4","gr.ave.dia..S10","gr.ave.dia..S14","Cosm.Acum.S1","Cosm.Acum.S4","Cosm.Acum.S10","Cosm.Acum.S14","Mort.Selc.Acum.S1","Mort.Selc.Acum.S4","Mort.Selc.Acum.S10","Mort.Selc.Acum.S14","Fecha.Encaseta","Sistema.Levante","Clima.Levante","PX.S25","PX.S40","PX.S72","PX.S80","HAA.S25","HAA.S40","HAA.S72","HAA.S80","gr.ave.dia..S25","gr.ave.dia..S40","gr.ave.dia..S72","gr.ave.dia..S80","Conv.Acu.S72","Conv.Acu.S80","Mort.selcc.Acu..S25","Mort.selcc.Acu..S40","Mort.selcc.Acu..S72","Mort.selcc.Acu..S80","gr.Hvo.S72","gr.Hvo.S80","G.P.S25","Peso.Hvo..Prom.Acu..S25","Peso.Hvo..Prom.Acu..S40","Peso.Hvo..Prom.Acu..S72","Peso.Hvo..Prom.Acu..S80","Masa.Hvo.S72","Masa.Hvo.S80","Sistema.Produccion","Clima.Produccion"
"EMS-10-170918",84,274,856,1199,83.6,75,82.7,86.9,12,34.6,66.3,63.9,83.9,650.6,2677,4632,0.26,0.89,1.09,1.36,"2018-09-17","Piso","Cálido",94.4,90.6,NA,NA,26.8,124,NA,NA,99,105,NA,NA,NA,NA,0.71,1.96,NA,NA,NA,NA,16.1,49.3,54,0,0,NA,NA,"Batería Automática","Cálido"
"EMS-12-011019",82,288,955,1258,91.3,73,82,82.9,14.8,26.2,57.3,63.7,103.4,553,2410.7,4152.2,0.16,0.24,0.32,0.47,"2019-10-01","Batería Automática","Cálido",95.8,92.1,NA,NA,37.5,131.7,NA,NA,96,105,NA,NA,NA,NA,1.12,2.57,NA,NA,NA,NA,2.6,50.3,55.1,0,0,NA,NA,"Batería Automática","Cálido"
"EMS-184-270818",72,267,867,1227,82,82,85,87,11.1,26.2,57.4,76.9,77.6,549.3,2396.4,4446.3,0.29,1.43,2.07,2.22,"2018-08-27","Piso","Frío",95.7,93.8,79.5,77.2,22.3,122.3,313.6,355,110,113,111,111,1.543,1.558,0.26,1.26,6.66,7.89,128.583,129.833,18.8,55.4,59.9,61.8,62.2,19.4,22.1,"Batería Automática","Frío"
"EMS-186-200519",73,274,904,1272,82,83,86,87,8.6,31.2,61.5,73.6,60.5,535.9,2580.4,4595.8,0.34,0.55,1.07,1.19,"2019-05-20","Piso","Frío",96.9,94.3,82.6,78,33.2,132.6,324.6,365.9,113,108,113,111,1.492,1.514,0.52,1.68,6.46,8.56,124.333,126.167,9.8,52.2,57.6,60.4,60.8,19.6,22.2,"Batería Automática","Frío"
"EMS-E008-021017",76,276,777,1135,87.5,82.3,91,95,9,25.8,63.2,79.9,63.2,514.2,2360.4,4428.3,0.27,0.39,0.61,0.76,"2017-10-02","Piso","Cálido",82.5,82.5,82.9,80.3,16.9,107.9,295.8,338.6,83,105,107,99,1.48,1.483,0.61,2.33,4.42,5.65,123.333,123.583,16.8,49.7,55.8,58.5,58.8,17.3,19.9,"Batería Automática","Cálido"
"EMS-E009-270318",84,274,856,1199,83.6,75,82.7,86.9,11.4,30.9,60,76.9,79.6,606.7,2456.9,4402.9,0.25,0.53,0.69,1.57,"2018-03-27","Piso","Cálido",82.1,90.1,85.2,82.3,16.8,108.5,294.9,338.9,91,104,115,118,1.533,1.548,0.46,1.52,5.57,6.63,127.75,129,22.1,47.9,54.9,57.8,58.3,17,19.8,"Batería Automática","Cálido"
"GLL-26-161118",82,298,876,1217,88,92,85,84,9.6,29.8,56.3,67.2,67.1,563,2446.3,4238.5,0.29,0.6,1.19,1.39,"2018-11-16","Piso","Frío",93.9,NA,NA,NA,29.4,NA,NA,NA,96,NA,NA,NA,NA,NA,0.73,NA,NA,NA,NA,NA,11.1,49.6,0,0,0,NA,NA,"Temp","Cálido"
"GMT-554-230617",80,219,690,1080,82,75,65,78,10.8,22.6,4.4,54.9,75.4,456.6,1588.8,3459.2,0.18,0.86,2.39,14.33,"2017-06-23","Piso","Cálido",82.85,90.4,83.85,79.15,17.2,107.4,271.6,307.8,108,111.5,105.5,108,1.6205,1.619,1.87,9.875,19.04,20.92,135.0415,134.9165,5.15,48.55,56.25,60.05,60.6,16.3,18.65,"Piso","Medio"
"GMT-555 GMT-200817",79,273,855,1179,71,63,76,86,17,23.8,43.9,87.6,119.3,596.9,2266.5,4420.1,0.21,0.32,0.53,0.74,"2017-08-20","Batería Automática","Cálido",93.1,90,80.8,77,25.4,121.2,295.7,334.3,115,115,109,106,1.638,1.641,1.05,3.93,11.62,13.73,136.5,136.75,10.4,52.2,56.8,60.7,61.2,18,20.5,"Piso","Medio"
"GMT-555-200817",79,273,855,1179,71,63,76,86,17,23.8,43.9,87.6,119.3,596.9,2266.5,4420.1,0.21,0.32,0.53,0.74,"2017-08-20","Batería Automática","Cálido",86.4,89.8,80.9,NA,18.3,101.7,253.9,NA,108,118,109,NA,1.755,NA,3.18,11.7,25.84,NA,146.25,NA,7.6,51.2,54.9,58,0,14.7,NA,"Piso","Cálido"
"GMT-556-131017",80,346,914,1299,81,84,87,89,18.7,29.8,52.7,76.2,130.6,598.9,2548.7,4534.2,0.17,0.73,0.82,1.01,"2017-10-13","Piso","Cálido",84.7,89.7,63.4,70.6,29.3,118.8,280.6,310.1,115,115,88,98,1.664,1.666,3.14,8.68,23.45,31.9,138.667,138.833,4.2,49.9,55.2,57.9,58.4,16.2,18.1,"Piso","Cálido"
"GMT-557-131017",85,284,888,1226,81,73,87,91,11.9,22.8,60,60.7,83.5,492.9,2401.1,4250.5,0.13,0.75,1.01,1.7,"2017-10-13","Piso","Cálido",91.3,90.1,83.6,77.7,22.8,117,290.6,327.2,110,117,112,114,1.641,1.646,0.95,4.72,16.49,20.71,136.75,137.167,16.5,45.8,54.8,58.6,59,17,19.3,"Piso","Medio"
"GMT-558-081217",74,287,859,NA,63,72,88.2,NA,11.2,23.5,57.8,NA,78.5,478.8,2342.2,NA,0.41,0.78,1.08,NA,"2017-12-08","Piso","Cálido",92.2,89.7,81.1,NA,29.7,123,296.7,NA,116,116,112,NA,1.604,NA,1.13,6.27,15.04,NA,133.667,NA,10.8,50.8,56.9,59.5,0,17.7,NA,"Piso","Medio"
"GMT-559-130118",70,278,881,1205,56,64,74,87,22.4,27.7,57,59.4,156.6,597,2486.7,4176.3,0.14,0.48,1.05,1.65,"2018-01-13","Batería Ambiente","Cálido",80.7,89.3,80,74.6,23.8,112.3,285.1,322,111,114,110,108,1.667,1.673,0.9,5.05,12.07,15.24,138.917,139.417,18,46.3,55.4,60.4,61,17.2,19.6,"Piso","Medio"
"GMT-560-090218",77,294,946,1266,74,69,88,87,13.3,27.2,56.8,60.6,93.1,533.7,2328.5,4114.5,0.16,0.6,0.73,1.03,"2018-02-09","Piso","Cálido",95.2,91.9,79.8,72.2,39.6,132.7,312.5,350.5,115,114,109,107,1.578,1.593,0.54,2.3,8.93,11.48,131.5,132.75,9.3,49.4,57,61.2,61.6,19.1,21.6,"Piso","Medio"
"GMT-561-230218",80,317,894,1240,65,71,84,88,11,25.7,53.9,62,77,494.7,2323.2,4024.2,0.31,0.63,0.9,1.05,"2018-02-23","Piso","Cálido",93.45,94.6,83.5,76,29.9,125.45,305.9,343.85,104.5,115.5,108.5,100.5,1.534,1.5395,0.52,5.905,14.595,19.13,127.833,128.2915,8.45,49.4,56.4,59.45,59.85,18.15,20.6,"Piso","Medio"
"GMT-563M-010618",89,283,838,1236,77,69,77,87.4,20.3,26.5,54.7,71.1,142.2,582.5,2327.9,4091.4,0.11,0.39,1.07,1.46,"2018-06-01","Piso","Cálido",94.8,96.1,84.7,76.8,22.6,122.9,316.7,355.8,114,114,107,107,1.546,1.548,0.76,2.33,7.02,13.18,128.833,129,14.6,52.3,58.2,61.1,61.3,19.3,21.8,"Piso","Medio"
"GMT-563R-010618",89,283,860,1241,77,69,82,84,20.4,26.4,55.4,69.3,142.6,580.1,2331.6,4111.5,0.11,0.39,1.08,1.28,"2018-06-01","Piso","Cálido",92.1,94.2,84,79.4,19.2,117.1,305.2,344.2,113,113,108,108,1.559,1.563,1.13,3.97,9.07,12.9,129.917,130.25,16.6,52.1,58,60.9,61.2,18.6,21.1,"Piso","Medio"
"GMT-564-220618",86,321,919,1251,81,78,87,86,13.1,25,56.7,64.1,91.4,539,2316.8,4054.7,0.4,0.86,1.22,1.28,"2018-06-22","Piso","Cálido",93.3,88.85,82.65,77.7,29.2,121.15,276.55,309.9,114,114,109,107.5,1.6155,1.6175,0.81,8.495,24.545,26.535,134.625,134.792,8.9,51.4,55.65,58.55,58.85,16.2,18.3,"Piso","Medio"
"GMT-566-140918",83,285,865,1246,79,72,74,81,12,24.7,55.7,73.6,84.1,480.6,2341.5,4266.1,0.19,0.62,1.38,1.59,"2018-09-14","Piso","Cálido",96.3,93.7,82.2,76.5,36.2,135.4,322.5,362.1,103,114,112,111,1.462,1.485,0.44,2.58,9.65,12.3,121.833,123.75,12,52.8,58.4,61.2,61.5,19.7,22.3,"Piso","Medio"
"GMT-568-051018",72,266,880,1243,79,72,85,90,12.6,22.7,50.2,56.1,88.3,549.1,2135.9,3847.2,0.11,0.55,0.95,1.12,"2018-10-05","Piso","Cálido",97.3,96.5,85.3,79.6,33.6,135.2,331.1,373.4,110,110,108,104,1.466,1.477,0.28,1.49,6.37,8.28,122.167,123.083,22.7,51.2,55.8,57.4,57.9,19,21.6,"Piso","Medio"
"GMT-569-091018",65,266,849,1236,67,74,81,86,15.1,28,55,64.3,105.8,593.6,2328,4048.5,0.23,0.66,1.36,1.53,"2018-10-09","Piso","Cálido",97.1,92.7,84,77.6,32.6,132.1,317.1,356.8,111,112,111,107,1.512,1.525,0.35,2.96,10.86,12.39,126,127.083,13.4,51.4,56.3,58,58.5,18.4,20.9,"Piso","Medio"
"GMT-570-231118",84,272,844,NA,78,66,81,NA,12.6,24.5,53.2,NA,88.4,513.2,2215.2,NA,0.21,0.43,0.83,NA,"2018-11-23","Piso","Cálido",92.8,86.4,82.8,77.8,29.8,120.1,273,305,112,111,108,112,1.649,1.646,1.04,7.14,25.6,30.74,137.417,137.167,6.1,49.4,53.1,56.3,56.4,15.4,17.2,"Piso","Cálido"
"GMT-571-010219",79,302,845,1254,87,77,84,85,16.2,23,51.3,60.8,113.2,561.1,2244.1,4037.4,0.16,0.45,0.63,1.04,"2019-02-01","Piso","Cálido",94.3,93.1,79.3,74.4,38.9,136.4,323,362.8,112,113,107,102,1.476,1.492,0.63,1.98,6.35,8.92,123,124.333,2.3,46.7,52.1,56.3,56.7,18.2,20.6,"Piso","Medio"
"GMT-573-150319",82,265,823,1196,80,66,75,87,11.9,23.5,48.7,65,83.2,473.5,2147.9,3819.7,0.21,0.76,1.21,1.73,"2019-03-15","Batería Automática","Cálido",89.4,91.5,82.5,76.5,21.1,116.3,290.3,327.1,109,114,107,105,1.568,1.572,1.11,4.98,15.52,17.99,130.667,131,-1.2,46.6,53.5,57.2,57.6,16.6,18.8,"Piso","Medio"
"GMT-575-280519",83,296,838,1182,86,79,84,84,15,22.6,52.5,55.6,104.9,589.7,2177.5,3757.3,0.11,0.33,0.84,1.15,"2019-05-28","Batería Automática","Cálido",89.4,88.2,NA,NA,19.6,106.6,NA,NA,102,108,NA,NA,NA,NA,0.94,10.81,NA,NA,NA,NA,19.7,50.3,51.2,0,0,NA,NA,"Piso","Cálido"
"GMT-575Mo-270519",83,296,838,1182,86,79,84,84,15,22.6,52.5,55.6,104.9,589.7,2177.5,3757.3,0.11,0.33,0.84,1.15,"2019-05-28","Batería Automática","Cálido",95.2,79.2,NA,NA,24.8,120.7,NA,NA,108,100,NA,NA,NA,NA,0.63,3.75,NA,NA,NA,NA,22.7,52.9,54.7,0,0,NA,NA,"Piso","Medio"
"GMT-576-260719",77,241,826,1154,74,68,75,80,11.2,21.9,51.2,66.8,78.7,442.9,2080.6,3819.3,0.29,0.64,1.34,1.87,"2019-07-26","Batería Automática","Cálido",87.4,93.9,NA,NA,17.6,114.9,NA,NA,100,112,NA,NA,NA,NA,0.4,3.42,NA,NA,NA,NA,26.7,50.9,56.9,0,0,NA,NA,"Piso","Medio"
"GMT-578-060919",79,256,827,1197,81,67,78,80,13.2,19.5,53.3,64.6,92.7,494.6,2201.2,3908.8,0.08,0.37,1.05,1.89,"2019-09-06","Batería Automática","Cálido",89.5,93.6,NA,NA,23.3,118.3,NA,NA,106.5,113.5,NA,NA,NA,NA,1.22,6.64,NA,NA,NA,NA,21.35,45.9,54.05,0,0,NA,NA,"Piso","Medio"
"GMT-579-270919",76,252,795,1090,69,70,80,69,9,21.2,47.2,62.3,62.8,393.4,2022,3651.8,0.85,1.69,2.39,4.06,"2019-09-27","Batería Automática","Cálido",90.2,88.55,NA,NA,25.45,118.05,NA,NA,111.5,113,NA,NA,NA,NA,0.985,7.57,NA,NA,NA,NA,3.6,52.15,55.4,0,0,NA,NA,"Piso","Medio"
"GMT-580-131219",81,307,874,1197,84,80,90,87,16.1,21.9,50.7,64.3,113,526.6,2166.1,3865.7,0.23,0.39,1.05,1.39,"2019-12-13","Batería Automática","Cálido",96.2,94.6,NA,NA,34.1,133.3,NA,NA,110,112,NA,NA,NA,NA,0.73,2.08,NA,NA,NA,NA,10.9,50.6,54.3,0,0,NA,NA,"Piso","Medio"
"GMT-581-201219",75,280,827,NA,87,64.3,63.5,NA,13.9,29.3,42.4,NA,97.6,575.9,2177.6,NA,0.06,0.39,0.92,NA,"2019-12-20","Batería Ambiente","Cálido",95.7,NA,NA,NA,26.7,NA,NA,NA,113,NA,NA,NA,NA,NA,0.78,NA,NA,NA,NA,NA,14.5,50.6,0,0,0,NA,NA,"Piso","Medio"
"GS-C47-AM6-110119",78,266,864,1248,69.8,83.3,92.8,85.4,10.6,35.1,55.1,62.6,74,594.5,2508.3,4170.1,0.24,2.23,3.07,3.19,"2019-01-11","Piso","Cálido",89.1,92.5,76.8,76.8,25.6,120.6,299.5,339.1,111,115,114,115,1.693,1.704,0.44,3.06,8.17,9.09,141.083,142,7.8,55.2,57.6,59.5,59.9,17.8,20.3,"Jaula Tradicional","Cálido"
"GS-CH33-C45-AM2-250518",76,282,857,1190,87,79,93,94.4,9.1,31.8,58.3,67.9,63.5,573.9,2551.8,4372.5,0.15,0.4,0.7,0.79,"2018-05-25","Batería Automática","Cálido",88.6,89.4,82.7,118.5,25.1,121.6,309.5,347.4,103,104,114,173,1.563,1.582,1.21,2.88,5.93,6.8,130.25,131.833,0,52.7,57.6,59.3,59.6,18.4,20.7,"Batería Automática","Cálido"
"GY-135-090218",68,245,785,1112,78.5,67.9,75,79.65,8.9,23.8,59.95,66.4,62.3,488.95,2698.75,4503.65,0.52,0.91,1.46,1.705,"2018-02-09","Jaula Tradicional","Frío",47,0,0,0,22.5,NA,NA,NA,57.5,0,0,0,NA,NA,0.43,NA,NA,NA,NA,NA,8.75,29,0,0,0,NA,NA,"Jaula Tradicional","Frío"
"HDG-15-100418",73,293,957,1361,87.5,73.5,76.9,88.5,12.6,30.2,59.8,81.8,88.4,595.5,2865,5413.1,0.18,1.42,10.34,22.05,"2019-01-29","Piso","Frío",96.5,91.6,NA,NA,33,131.6,NA,NA,114,115,NA,NA,NA,NA,0.1,1.27,NA,NA,NA,NA,17.6,53.6,58.1,0,0,NA,NA,"Jaula Tradicional","Frío"
"IA-3-280818",67,249,NA,NA,85.2,86.4,85.1,84.4,10.5,31.7,54.8,66,73.7,586.1,2505.8,4237.1,0.2,0.47,0.69,0.92,"2019-06-11","Piso","Cálido",90.1,91.1,80.7666666666667,76,28.1666666666667,121.733333333333,303.033333333333,344,116.666666666667,117.666666666667,115.666666666667,114.333333333333,1.67166666666667,1.68033333333333,1.34333333333333,4.05,6.67666666666667,7.26666666666667,139.305666666667,140.028,0.4,52.3,57.4,59.7666666666667,60.2333333333333,18.1333333333333,20.7,"Piso","Cálido"
"IA-8-110619",78,268,829,1169,83,NA,NA,NA,10.3,NA,NA,NA,71.9,NA,NA,NA,0.31,NA,NA,NA,"2020-12-01","Piso","Cálido",95.25,93.05,NA,NA,24.45,121.7,NA,NA,116,118,NA,NA,NA,NA,1.015,2.52,NA,NA,NA,NA,26.85,51.85,57.15,0,0,NA,NA,"Piso","Cálido"
"ICR-78-030117",71,329,986,1413,89.5,87,76,75,14.6,37.3,65,70,102.2,626.6,2554.9,4461.9,0.13,0.21,0.53,0.66,"2017-05-09","Jaula Tradicional","Frío",88.2,92.2,85.5,80.6,23.1,121.2,318,362.7,109,109,111,112,1.531,1.539,0.49,1.04,2.84,3.67,127.583,128.25,17.4,52,0,60.6,0,19.3,0,"Batería Automática","Frío"
"ICR-79-090517",73,341,911,1269,91.6,83.8,83,90,14.4,33.2,61.5,70.7,101.1,614.8,2618.3,4410.2,0.07,0.13,0.17,0.25,"2017-10-03","Jaula Tradicional","Frío",82.35,89.6,84.2,77.5,17.95,112.55,314.9,358.2,109,113.5,113,80,1.596,1.594,0.575,1.425,3.44,4.41,133,132.833,10.5,28.8,0,31.5,31.65,19.8,22.7,"Batería Automática","Frío"
"ICR-80-031017",81,333,955,1339,85.4,85.4,88.8,86,12.7,33.6,60.8,61.6,89.2,664.1,2792.9,4445.5,0.14,0.23,0.3,0.43,"2018-02-20","Jaula Tradicional","Frío",95.9,94.3,81,76.2,31.3,131.7,328.6,371.4,110,129,111,108,1.548,1.563,0.24,0.64,2.03,3.22,129,130.25,21,55.2,0,61.2,61.6,20.1,22.9,"Batería Automática","Frío"
"ICR-81B-A-200218",83,307,963,1218,83.9,80.8,87.8,91.6,14,27.6,59.7,69.3,98,636.9,2717,4565.7,0.12,0.27,0.41,0.48,"2018-09-04","Batería Automática","Frío",109.5,120.5,107.9,NA,29,154.9,402.6,NA,119,141,131,NA,1.556,NA,1.28,1.99,4.33,NA,129.667,NA,19.3,55.9,59.7,61.8,0,24.9,NA,"Batería Automática","Frío"
"ICR-82-040918",86,290,999,1348,79.6,83.5,84.2,93.6,15.1,22.4,61.2,69.8,105.9,573.4,2691.7,4632.5,0.11,0.22,0.24,0.31,"2019-01-29","Batería Automática","Frío",96.5,93.1,72.4,61,36.5,135.7,300.2,328.2,108,107,111,108,1.531,1.567,0.59,1.34,23.96,25.39,127.583,130.583,11.9,51.9,56.7,59.5,60.1,17.9,19.7,"Jaula Tradicional","Frío"
"ICR-85-301219",87,334,964,1305,NA,NA,NA,NA,8.6,28.5,60.6,78.6,60,486.1,2440.6,4487.3,0.1,0.31,0.51,0.53,"2017-01-20","Batería Automática","Frío",97.4,95.3,NA,NA,36.3,131,NA,NA,110,113,NA,NA,NA,NA,0.81,3.35,NA,NA,NA,NA,12.8,50.6,55.7,0,0,NA,NA,"Batería Automática","Frío"
"JT-7-200117",72,273,860,1268,79.3,70,80.2,87.4,12.6,32.9,56.5,79.9,88.4,655,2545.1,4585.2,0.16,0.48,1.21,1.33,"2016-09-06","Jaula Tradicional","Frío",95.9,94.5,NA,NA,30.15,128,NA,NA,116.5,119,NA,NA,NA,NA,0.55,2.36,NA,NA,NA,NA,0,0,0,0,0,NA,NA,"Jaula Tradicional","Frío"
"LD-56-060916",77,286,863,1233,78,68.7,81.3,85.5,11.9,34.5,60.6,79.8,83.3,646.3,2595.4,4665.2,0.39,0.71,1.32,1.49,"2016-12-12","Piso","Cálido",90.4,35.1,83.75,78.55,25,111,286.25,327.95,103.333333333333,75,114,115,1.7425,1.7375,0.39,5.85666666666667,7.63,8.105,145.208,144.792,11.7666666666667,52.5333333333333,55.9666666666667,38.8333333333333,39,16.65,19.2,"Piso","Cálido"
"LD-57-121216",75,273,850,1215,80,67,80.4,83.7,11.6,39.4,55.3,79.6,81.3,765.2,2707,4725.3,0.27,0.58,1.32,1.53,"2017-06-27","Piso","Cálido",67.6,82.4,83.4,NA,22.65,99.1,262.6,NA,88.5,101,113,NA,1.621,NA,1.015,7.9,16.23,NA,135.083,NA,13.85,52.9,28.6,30.05,0,15.8,NA,"Jaula Tradicional","Cálido"
"LD-59-270617",78,276,857,1166,79,66,81,88.1,13,33.6,60.4,80.4,90.8,743,2759.2,4816.6,0.27,0.72,2.19,2.66,"2017-10-03","Piso","Cálido",89.9,87,NA,NA,26.6,119.3,NA,NA,103,107,NA,NA,NA,NA,0.35,1.74,NA,NA,NA,NA,27.7,53.4,59.7,0,0,NA,NA,"Jaula Tradicional","Cálido"
"LD-60-031017",73,255,840,1229,NA,67.7,79.8,85.4,11,34.5,61.2,75.8,76.8,690.9,2674.8,4698.3,0.14,0.62,1.48,1.77,"2018-01-09","Piso","Cálido",93.3666666666667,92.4,79.2333333333333,75.9,25.4,121.833333333333,285.4,319.766666666667,99,111.333333333333,104.333333333333,110.666666666667,1.55666666666667,1.566,1.04333333333333,3.03333333333333,19.6533333333333,20.9666666666667,129.722,130.5,22.0333333333333,34.8,38.7,40.1666666666667,40.4,11.5333333333333,12.9666666666667,"Jaula Tradicional","Cálido"
"LD-61-090118",74,255,810,1198,80,75,NA,85,13.4,32.7,54,78.1,93.8,646.5,2492.3,4450.2,0.26,0.68,1.15,1.41,"2018-07-27","Piso","Cálido",92.8666666666667,92.2666666666667,84.5666666666667,78.9333333333333,26.5666666666667,121.166666666667,291.366666666667,329.9,105.666666666667,108,111,105,1.519,1.52666666666667,0.513333333333333,5.91,15.8766666666667,17.6,126.583333333333,127.222333333333,20.2666666666667,53.5333333333333,57.8,39.9666666666667,40.2333333333333,11.8,13.4333333333333,"Jaula Tradicional","Cálido"
"LD-64-301018",79,280,860,1204,83,78,82,NA,11.4,29.9,56.2,NA,79.7,588.8,2582.1,NA,0.2,0.58,1.49,NA,"2019-05-14","Piso","Cálido",86.55,82.35,NA,NA,21,106.15,NA,NA,101,107,NA,NA,NA,NA,2.52,9.68,NA,NA,NA,NA,21.5,52.15,56.9,0,0,NA,NA,"Batería Automática","Cálido"
"PCH-20-170516",81,331,NA,1318,83.1,95.1,NA,NA,14.9,27.9,NA,NA,104,523.5,NA,NA,0.21,0.68,NA,NA,"2017-02-01","Jaula Tradicional","Cálido",NA,93.8,85.2,79.7,NA,130.4,323.2,367.3,NA,109,107,106,1.477,1.487,NA,1.4,3.12,3.77,123.083,123.917,NA,NA,59.8,61.6,62.1,19.9,22.8,"Batería Automática","Cálido"
"PCH-22-010217",72,279,NA,1250,84.6,89.8,87.6,88.7,15.4,34.1,56.7,72.9,108.1,652.4,2658.9,4527.9,0.28,0.39,0.57,0.85,"2017-06-03","Jaula Tradicional","Cálido",96.6,94.8,83.5,80,29.7,127,318.9,361.8,108,112,110,110,1.517,1.529,0.62,3.33,5.38,6.35,126.417,127.417,18.4,54.8,60.9,62.8,63,20,22.8,"Jaula Tradicional","Cálido"
"PCH-23-030617",82,357,955,1398,78.6,98.5,81,87.9,17.1,35.4,45.4,74.3,119.5,670.5,2557.8,4533.6,0.62,0.74,1.05,1.14,"2017-09-20","Jaula Tradicional","Cálido",95.3,94.3,86,80.3,29,128.2,326.2,371.6,113,111,110,109,1.509,1.516,0.29,0.93,2.62,3.37,125.75,126.333,15.4,54,59.1,61.3,61.6,20,22.9,"Batería Automática","Cálido"
"PCH-24-200917",84,318,899,1350,68.6,90.4,88,86.5,15.5,32.2,55.9,74.4,108.7,643.4,2642,4562.8,0.38,0.49,0.7,1.02,"2018-01-06","Jaula Tradicional","Cálido",96.3,93.6,85.9,79.8,33.6,133.1,330.9,375.7,108,107,107,107,1.478,1.487,0.38,1.01,2.63,3.31,123.167,123.917,15.5,52.9,57.7,60.2,60.4,19.9,22.7,"Batería Automática","Cálido"
"PCH-25 COL-060118",75,363,985,1388,94.9,83.1,82.4,89.6,12.5,31.7,56.6,67.5,87.5,598.5,2498.7,4250.7,0.32,1.03,1.79,2.16,"2018-05-08","Jaula Tradicional","Cálido",96.5,94.1,84,NA,34.6,134.3,327.5,NA,109,112,105,NA,1.479,NA,0.46,1.22,3.25,NA,123.25,NA,17.4,52.3,57.5,59.6,0,19.5,NA,"Batería Automática","Cálido"
"PCH-26-080518",83,346,953,1294,83.5,83.53333333,86.43333333,85.5,13.93333333,41.5,49.86666667,87.63333333,97.6,702.4666667,2477.233333,4454.466667,0.51,0.7,1.53,1.623333333,"2018-08-27","Jaula Tradicional","Cálido",96.4,93.6,84,79.9,38.1,136.2,327.3,370.9,107,105,111,113,1.441,1.465,0.36,1.27,4.26,5.7,120.083,122.083,15.4,55.3,59.2,61.4,61.8,20.1,22.9,"Jaula Tradicional","Cálido"
"PCH-28-301218",78,324,793,NA,81.86666667,82.91666667,NA,88.96666667,13.25,30.91666667,52.56666667,64.63333333,92.91666667,594.3666667,2416.1,4025.316667,1.4,1.575,2.22,2.403333333,"2019-04-23","Temp","Cálido",96.025,93,85.825,81.725,33.5,133.2,332,373.825,108.75,110,109.75,109.75,1.4855,1.5115,0.175,0.6175,2.4875,3.0625,123.79175,125.95825,11.475,53.575,58.45,60.525,60.975,20.1,22.8,"Batería Ambiente","Cálido"
"PCH-29-230419",81,330,NA,1284,87.2,81.6,NA,86.8,11.2,25.8,52.2,68.8,78.3,509.5,2498.8,4333.6,0.04,0.11,0.49,0.71,"2019-08-12","Jaula Tradicional","Cálido",95.6142857142857,94.1142857142857,NA,NA,34.0428571428571,132.142857142857,NA,NA,109.714285714286,109.285714285714,NA,NA,NA,NA,0.441428571428571,2.00285714285714,NA,NA,NA,NA,15.5714285714286,51.5571428571429,56.6,0,0,NA,NA,"Batería Automática","Cálido"
"PCH-30-120819",79,298,NA,1340,83.04,83.92,NA,83,13.14,33.54,55.18,70.65,91.94,592.1,2519.98,4325.7,0.602,1.214,1.892,2.095,"2019-08-15","Batería Automática","Cálido",97.4,98,NA,NA,25.1,126.7,NA,NA,106,111,NA,NA,NA,NA,0.22,0.65,NA,NA,NA,NA,21.4,50.7,57.7,0,0,NA,NA,"Batería Ambiente","Cálido"
"PCH-30-150819",81,317,NA,1295,91.1,76.6,76.5,80.3,11,30,43.9,68.1,76.7,555.3,2346.7,4162.4,0.1,0.15,0.62,0.75,"2017-02-21","Jaula Tradicional","Cálido",96.7,NA,NA,NA,34.22,NA,NA,NA,105.4,NA,NA,NA,NA,NA,0.444,NA,NA,NA,NA,NA,18.14,51.1,0,0,0,NA,NA,"Batería Automática","Cálido"
"PMT-36-210217",79,325,886,1214,91.9,76.2,93.9,92.4,10.9,31.7,60.4,68.3,76.2,567.6,2403.1,4303.8,0.25,0.35,1,1.04,"2017-06-27","Jaula Tradicional","Cálido",88.8,87.4,81.8,82.8,23,116.8,300.1,343.1,106,111,110,113,1.606,1.606,0.59,1.58,7.24,8.47,133.833,133.833,21,50,57.7,62.1,62.5,18.6,21.4,"Jaula Tradicional","Cálido"
"PMT-37-270617",76,321,887,1308,76.8,78.4,76.3,77.8,9.2,25.3,53.5,70.4,64.4,514.5,2252.5,4064.7,0.35,0.68,1.03,1.18,"2017-10-31","Jaula Tradicional","Cálido",95.4,91.6,80,73.4,29.5,117.8,293.6,331.8,108,109,111,108,1.591,1.608,0.55,3.51,7.6,8.97,132.583,134,18.2,53.5,59.3,62.5,62.9,18.4,20.9,"Jaula Tradicional","Cálido"
"PMT-38-311017",58,234,833,1256,89.3,75.3,94.6,85,10.9,23.3,63.3,82.6,76.6,534.3,2559.2,4600.5,0.15,0.47,0.66,1.32,"2018-07-17","Jaula Tradicional","Cálido",70.1,93.7,83.5,81.4,17.4,102.5,284.2,321,103,115,99,97,1.634,1.613,1.44,5.97,15.54,22.4,136.167,134.417,26.6,47.6,55.4,61.2,61.9,17.4,19.9,"Jaula Tradicional","Cálido"
"PMT-40-170718",82,314,963,1335,93,69,78.1,82.4,11.5,23.3,33.6,64.1,80.4,521.1,2200.9,3969.4,0.18,0.36,4.32,6.08,"2019-03-19","Jaula Tradicional","Cálido",92.6,88.6,67.2,72.6,40.5,130.9,303.7,335.7,113,108,97,107,1.56,1.577,1.12,4.12,15.22,17.89,130,131.417,7.2,49.7,55.1,59.9,60.6,18.2,20.3,"Jaula Tradicional","Cálido"
"PMT-42-190319",81,292,794,1114,91.2,76.9,80.3,82.3,10.6,21.9,54.3,74.1,74.1,542.8,2267.1,4262.1,0.33,0.55,1.71,3.88,"2019-07-16","Jaula Tradicional","Cálido",90.6,85.1,84.6,78.5,25,105.2,262.4,298.4,101,90,108,109,1.498,1.51,8.08,16.45,19.86,20.23,124.833,125.833,5.4,51.1,57.7,61.7,62.2,16.2,18.6,"Jaula Tradicional","Cálido"
"PMT-43-160719",88,327,896,1258,88.6,85,75.1,80,11.9,30.7,44.9,64.8,83.4,559.4,2104.6,3703.2,0.27,0.58,1.75,2,"2019-12-10","Jaula Tradicional","Cálido",76.1,89.6,78.1,73.1,27.6,109.2,274.1,310.3,105,83,114,110,1.6,1.614,6.83,10.49,14.88,15.73,133.333,134.5,11.8,49.1,54.2,60,60.8,16.4,18.9,"Jaula Tradicional","Cálido"
"PMT-44-101219",89,348,854,1233,95.7,83.1,79.2,91.2,16,28.6,61,78.7,111.9,618.2,2525,4625.7,NA,0.12,0.27,0.39,"2019-04-30","Jaula Tradicional","Cálido",77.4,91.6,NA,NA,24.9,117.1,NA,NA,110,112,NA,NA,NA,NA,1.46,4.08,NA,NA,NA,NA,13.5,50.1,54.3,0,0,NA,NA,"Jaula Tradicional","Cálido"
"SGG-13-300419",85,311,837,1234,95.4,77.8,78.4,75.8,10.3,26.7,56.9,46.5,72.2,540.2,2456.7,4437.3,0.33,0.56,1.11,1.14,"2019-09-13","Piso","Frío",95.6,93.1,88.6,NA,29.9,127.8,327.5,NA,115,114,113,NA,1.556,NA,0.09,0.74,5.03,NA,129.667,NA,25.8,52.6,57.8,61,0,20,NA,"Jaula Tradicional","Frío"
"SGG-15-130919",76,274,822,1132,92.1,76.9,87.2,86,11.2,26.9,63.7,75.6,78.6,536.2,2493.5,5245.9,0.29,0.32,0.58,0.87,"2020-01-24","Piso","Frío",95.5,96.6,NA,NA,25.3,126.1,NA,NA,112,115,NA,NA,NA,NA,0.13,1.48,NA,NA,NA,NA,24.3,51.2,56.9,0,0,NA,NA,"Jaula Tradicional","Frío"
"SM-48-160617",85,282,915,1268,85.7,81.1,79.7,78.4,13.3,28.6,61.6,65.1,93.2,611.2,2602.8,4534,0.13,0.34,0.68,1.07,"2017-10-20","Batería Automática","Frío",97.5,95.1,83.1,78.6,37.3,138.4,334.8,378.9,110,108,106,107,1.457,1.471,0.34,0.83,2.4,3.36,121.417,122.583,13.2,55.6,60.4,62.8,63.2,21,23.9,"Batería Automática","Frío"
"SM-49-201017",86,349,981,1278,88.2,76.2,76.4,83.2,15.7,44,73.6,74.1,109.7,765.5,2899.8,4949.3,0.22,0.48,1.01,1.36,"2018-02-23","Batería Automática","Frío",93.3,93.7,77,74.9,32,129,310,349.5,109,107,106,106,1.529,1.546,0.91,1.8,7.26,9.22,127.417,128.833,16,54.8,59.6,62.4,62.8,19.3,22,"Batería Automática","Frío"
"SM-50-230218",85,293,963,1304,80.7,71.1,78,84,15.5,36.5,64.2,75.1,108.5,720.2,2863,4878.5,0.33,0.58,1.12,1.45,"2018-06-29","Batería Automática","Frío",96.9,91,77.6,83.8,39.7,138,318.4,355.3,111,113,103,129,1.545,1.566,0.47,1.28,5.25,7.17,128.75,130.5,1.3,55.5,60.3,62.6,0,19.9,0,"Batería Automática","Frío"
"SM-51-290618",85,310,969,1308,87.1,69.9,67.1,81.1,12.6,36.8,66.1,68.8,88.2,696.9,2854.8,4723.1,0.18,0.34,0.6,0.76,"2018-11-02","Jaula Tradicional","Frío",95.8,93.9,81.8,76.3,35.1,126,312.7,353.5,104,107,109,108,1.507,1.522,0.61,2.4,6.08,8.08,125.583,126.833,12.7,55.1,60,62.8,63.2,19.6,22.3,"Batería Automática","Frío"
"SM-52-021118",86,306,918,1295,85.7,66.6,83.3,78.1,14.2,41.9,65.4,70.4,99.5,753.7,2832.4,4808.2,0.21,0.48,0.92,1.12,"2019-03-08","Batería Automática","Frío",95.7,93.6,81.2,79.2,31.2,129.8,319.9,362.6,108,112,106,106,1.496,1.507,0.66,1.29,4.58,6.28,124.667,125.583,18,54.6,59.8,62.3,62.7,19.9,22.7,"Batería Automática","Frío"
"SM-53-080319",83,293,936,1236,80.1,77.6,NA,74.6,22.5,38,63,68.7,157.7,794.4,2633.1,5396.6,0.31,0.64,1.1,1.52,"2019-07-12","Batería Automática","Frío",95.2,94,86,64,39,138.5,333.2,375.9,103,105,106,92,1.422,1.438,0.36,0.83,3.32,4.7,118.5,119.833,4.5,51.7,56.7,59.6,60.2,19.9,22.6,"Batería Automática","Frío"
"SM-54-120719",84,287,NA,1222,66.7,70.2,81.4,85.2,10.7,29.1,58.3,68.6,74.9,524.1,2448.7,4404.3,0.22,0.29,0.58,0.76,"2019-09-20","Batería Automática","Frío",96.3,94.2,NA,NA,39.5,138.5,NA,NA,108,108,NA,NA,NA,NA,0.48,2,NA,NA,NA,NA,12.1,53.2,57.6,0,0,NA,NA,"Batería Automática","Frío"
"SRM-161-281117",75,293,950,1337,69.9,68.4,78.2,86.4,12.4,26.1,62,72.5,86.6,579.5,2740.4,4707.5,0.29,2.62,15.51,15.73,"2016-05-31","Jaula Tradicional","Frío",93.5,90.6,NA,NA,30.9,125.1,NA,NA,123,118,NA,NA,NA,NA,1.45,3.1,NA,NA,NA,NA,0,0,0,0,0,NA,NA,"Piso","Frío"
"STR-349-310516",72,265,862,1270,80.1,88.3,83.6,89.5,12.6,31.3,60.3,68.3,88,639.5,2660,4514.5,0.24,0.43,0.77,0.91,"2016-10-25","Piso","Frío",NA,93,79.6,74.1,NA,135.3,326.7,368,NA,109,108,109,1.514,1.533,NA,1.1,2.4,2.9,126.167,127.75,NA,NA,60.2,62.7,62.8,20.5,23.1,"Batería Automática","Frío"
"STR-353-251016",70,288,936,1313,66.8,87,83,89.9,12.4,30.9,59.7,68.4,87.1,622.5,2676.7,4640,1.05,1.41,1.62,1.75,"2016-11-22","Piso","Frío",94.75,91.9,81.4,76.1,29.35,127.25,315,358,114,114.5,111.5,113,1.564,1.558,0.62,1.585,4.615,7,130.333,129.833,12.9,55.55,59.05,60.75,30.1,19.15,21.6,"Piso","Frío"
"STR-355-221116",69,293,877,1210,92.4,92.1,88.2,85.3,14.2,33.9,57.7,56.7,99.4,707.4,2706.8,4508.3,1.25,1.5,1.66,1.75,"2016-11-22","Piso","Frío",94.45,93.3,79.05,NA,27.6,126.2,314.1,NA,109.5,110,107.5,NA,1.558,NA,0.325,1.36,4.645,NA,129.8335,NA,27.3,55.65,59.5,61.4,0,19.25,NA,"Jaula Tradicional","Frío"
"STR-356-221116",76,296,937,1207,80,81.2,81.1,89.8,16.5,27.9,57.1,73,115.8,634.2,2624.8,4561.1,0.29,0.56,0.86,1.01,"2016-12-27","Piso","Frío",96,82.7,NA,NA,32.3,128.7,NA,NA,112,112,NA,NA,NA,NA,0.33,1.27,NA,NA,NA,NA,6.6,55,57.6,0,0,NA,NA,"Piso","Frío"
"STR-358-070217",83,338,968,1320,67.3,82.2,85.2,87.5,12.5,28.2,57.5,65.1,87.2,568.9,2505.6,4359.1,0.19,0.34,0.53,0.65,"2017-04-04","Batería Automática","Frío",93.55,89.45,78.75,66.4,36.25,132.2,314.8,345.3,112.5,114.5,111,112,1.581,1.666,1.265,2.62,7.585,6.78,131.75,138.833,7.65,55.15,58.6,29.85,30,9.2,20.7,"Piso","Frío"
"STR-359-040417",66,286,931,1261,78.7,83.1,84.1,85.9,13.4,29.9,55,60.1,93.5,573.1,2365.8,4087.7,0.09,0.3,0.39,0.48,"2017-03-31","Piso","Frío",94.38,91.5,77.4,71.8,34.58,130.16,310.9,349.2,110.6,113.2,109,110,1.572,1.593,0.734,2.066,6.87,8.9,131,132.75,13.06,55.9,59.3,12.46,12.5,19.4,21.8,"Batería Automática","Frío"
"STR-359A-310317",77,320,961,1233,83.9,91.1,79.6,92.1,14.6,31.5,55.4,72.8,102.3,660.3,2608.5,4515.8,0.26,0.47,0.63,0.84,"2017-04-25","Jaula Tradicional","Frío",88.45,92.25,NA,NA,26.9,121.3,NA,NA,113,115,NA,NA,NA,NA,1.125,3.34,NA,NA,NA,NA,6.7,56.25,60.1,0,0,NA,NA,"Batería Automática","Frío"
"STR-360-250417",77,314,899,1257,81.1,74,81.8,86.9,11.6,26.7,56.5,66.4,81.2,574.6,2501.8,4414.1,0.18,0.44,0.59,0.65,"2017-04-28","Piso","Frío",90.64,91.98,NA,NA,22.4,119.16,NA,NA,111.8,112.8,NA,NA,NA,NA,0.398,1.562,NA,NA,NA,NA,7.24,55.5,59.28,0,0,NA,NA,"Jaula Tradicional","Frío"
"STR-361-280417",71,266,815,1138,87.1,93,88.3,92,12.8,28.9,55.9,68.3,89.8,627.3,2456.9,4341.8,0.09,0.13,0.33,0.4,"2017-07-11","Piso","Frío",96,92.4,78.1,70.1,36.4,135,320.7,358.8,112,112,111,110,1.531,1.558,0.58,1.58,6.1,10.92,127.583,129.833,13.8,56.7,59.4,61,61.3,19.6,22,"Jaula Tradicional","Frío"
"STR-363-110717",85,336,951,1288,67.1,86.1,90.6,90.9,12,30.3,58.5,69.3,83.7,628.7,2570.4,4512.5,0.28,0.43,0.67,0.77,"2017-09-01","Batería Automática","Frío",95.45,92.1666666666667,76.7,NA,31.7166666666667,129.6,317.4,NA,110.833333333333,112.333333333333,110,NA,1.575,NA,0.376666666666667,1.35,4.03,NA,131.25,NA,17.45,57.1333333333333,59.35,10.1333333333333,0,19.3,NA,"Batería Automática","Frío"
"STR-364-010917",72,293,918,1271,66.4,84.7,82,80.6,14.1,32,62.7,69.7,98.8,679,2724.9,4667.1,0.21,0.36,0.51,0.55,"2017-09-26","Piso","Frío",90.5,92.65,78.95,NA,28,125.9,314.45,NA,110.5,111.5,105.5,NA,1.585,NA,0.265,0.915,3.185,NA,132.083,NA,5.95,54.65,59,61.5,0,19.35,NA,"Jaula Tradicional","Frío"
"STR-365-260917",69,289,848,1162,75.9,82.6,90,84.3,14.6,26.3,56.9,69.9,102.1,567.8,2435.5,4359.6,0.12,0.27,0.47,0.5,"2017-12-12","Piso","Frío",96.7,93.5,NA,NA,37.5,137.1,NA,NA,111,110,NA,NA,NA,NA,0.46,0.84,NA,NA,NA,NA,14.7,54.2,57.5,0,0,NA,NA,"Jaula Tradicional","Frío"
"STR-368-121217",80,322,939,1262,68,83.5,85.8,87.6,13.1,28.3,55.9,68.9,91.4,595,2486.1,4345.9,0.25,0.48,0.67,0.77,"2018-02-02","Batería Automática","Frío",93.45,90.75,NA,NA,30.65,127.55,NA,NA,112,104.5,NA,NA,NA,NA,0.335,0.925,NA,NA,NA,NA,21.36,22.36,23.92,0,0,NA,NA,"Batería Automática","Frío"
"STR-369-020218",75,296,920,1218,83.4,84,85.7,93,13.2,28.4,56.6,71.8,92.1,591.8,2379.7,4277.9,0.06,0.17,0.46,0.58,"2018-05-18","Piso","Frío",91.4,92.7,NA,NA,28.8,123.8,NA,NA,114,114,NA,NA,NA,NA,0.74,2.3,NA,NA,NA,NA,16.6,51.8,56.4,0,0,NA,NA,"Jaula Tradicional","Frío"
"STR-370-180518",81,343,980,1297,63.6,70.1,90.6,92.4,13.7,29.2,65.9,75.2,95.9,621,2735.1,4770.1,0.35,0.78,3.13,3.23,"2018-07-03","Piso","Frío",95.4,93.5,NA,NA,32.6,133.4,NA,NA,113.5,115,NA,NA,NA,NA,1.175,2.53,NA,NA,NA,NA,18.35,53.85,28.5,0,0,NA,NA,"Piso","Frío"
"STR-371-030718",63,276,935,1269,59.3,81,81.4,91.2,14.9,28.8,54.9,62.8,104.2,586.5,2435,4228.7,0.18,0.44,0.7,1.01,"2018-07-03","Piso","Frío",95.5,94,NA,NA,28.7,127.2,NA,NA,111,111,NA,NA,NA,NA,0.44,1.37,NA,NA,NA,NA,20.5,53.5,56.5,0,0,NA,NA,"Piso","Frío"
"STR-371A-030718",73,315,985,1280,86.5,81.5,80.2,81.1,12.4,31.6,59.5,71,86.7,647.4,2605.1,4492.4,0.27,0.39,0.81,0.88,"2018-08-03","Batería Automática","Frío",95.2,90.9,81.4,74.7,43.9,141.9,332,373.4,105,102,109,110,1.441,1.469,0.47,1.31,4.38,5.66,120.083,122.417,7.4,50.2,55.3,58.8,59.6,19.5,22.3,"Piso","Frío"
"TRA-11009-230816",80,303,992,1295,90,82,81,83,12.4,28.4,57.7,67.5,87,542.8,2609,4441.5,0.17,0.29,0.56,0.66,"2017-01-10","Batería Ambiente","Cálido",96.5,93.7,81.6,77.2,40.9,139,329.2,371.2,112,112,110,109,1.495,1.514,0.38,2.69,4.62,5.92,124.583,126.167,12.5,50.3,56.2,59.3,59.6,19.5,22.1,"Batería Ambiente","Cálido"
"TRA-11010-1-100117",85,337,1000,1304,92,82,85,85,11.8,27.7,61.6,66.6,82.4,533.3,2626.4,4497.6,0.08,0.18,0.5,0.62,"2017-05-30","Batería Ambiente","Cálido",95.2,89.1,75.9,69.8,37.9,130.4,297,333.4,111,107,107,106,1.512,1.539,0.81,6.65,10.5,11.4,126,128.25,7.1,48.7,52.8,56.1,56.5,16.7,18.8,"Piso","Cálido"
"TRA-11010-100117",85,337,1000,1304,92,82,85,85,11.8,27.7,61.6,66.6,82.4,533.3,2626.4,4497.6,0.08,0.18,0.5,0.62,"2017-05-30","Batería Ambiente","Cálido",96.3,92.1,81.6,75.5,37.9,135.5,324.7,366.5,105,108,110,111,1.505,1.527,0.6,1.41,4.24,5.05,125.417,127.25,8.1,49.3,54.8,56.9,57.6,18.5,21.1,"Batería Ambiente","Cálido"
"TRA-11011-1-300517",81,319,1013,1298,88,83,82,83,11.8,26.6,55.9,65.6,82.7,514.7,2582,4472.4,0.1,0.23,0.6,0.78,"2017-10-16","Batería Ambiente","Cálido",95,93.1,78.5,72.9,37.7,133.9,319.2,358.7,110,111,109,109,1.53,1.552,0.9,2.44,6.02,7.58,127.5,129.333,13.1,50,55.6,59.2,0,18.9,0,"Jaula Tradicional","Cálido"
"TRA-11011-300517",81,319,1013,1298,88,83,82,83,11.8,26.6,55.9,65.6,82.7,514.7,2582,4472.4,0.1,0.23,0.6,0.78,"2017-10-16","Batería Ambiente","Cálido",95.3,93,81,78.2,36.2,133.9,323.8,366.6,112,113,109,109,1.51,1.522,0.81,1.98,4.94,5.56,125.833,126.833,29.1,48.1,54.4,57.1,57.5,18.5,21.1,"Batería Ambiente","Cálido"
"TRA-11012-161017",80,323,978,1275,87,81,82,85,10.5,24.4,55.9,65.8,73.4,490.4,2394.3,4151.9,0.47,0.6,0.94,1.06,"2018-03-05","Batería Ambiente","Cálido",94.3,90.6,80.7,72,37.6,132.9,318,358.2,105,110,110,110,1.531,1.555,0.74,1.74,4.58,5.83,127.583,129.583,20.4,50.1,54.9,58.5,59.3,18.6,21.2,"Batería Ambiente","Cálido"
"TRA-11014-1-220718",85,329,1003,1303,82.1,76.9,77,83,13.2,37.5,56.3,74.1,92.5,535.6,2485.3,4405.1,0.14,0.29,0.79,0.93,"2018-12-10","Batería Ambiente","Cálido",94.1,92,74.9,70,29.3,121.7,293.4,330,110,111,109,110,1.578,1.605,4.48,7.26,8.88,9.41,131.5,133.75,22,51,55.8,57.4,57.8,16.8,19.1,"Piso","Cálido"
"TRA-11014-220718",85,329,1003,1303,82.1,76.9,77,83,13.2,37.5,56.3,74.1,92.5,535.6,2485.3,4405.1,0.14,0.29,0.79,0.93,"2018-12-10","Batería Ambiente","Cálido",95.9,95.3,82,77.5,36.7,135.5,327,369.4,112,112,110,109,1.515,1.53,1.13,1.71,4.33,6.04,126.25,127.5,13.8,51.2,56.6,59.7,60.2,19.5,22.2,"Batería Ambiente","Cálido"
"TRA-11015-101218",85,324,929,1327,83,79,80,81,11.1,25.3,56.1,74,77.8,519,2461.7,4443.6,0.14,0.28,0.61,0.71,"2019-04-30","Batería Ambiente","Cálido",95.5,91.8,79.1,76,39.2,136.2,318.3,357.2,112,111,109,109,1.537,1.558,0.63,2.59,7.46,8.92,128.083,129.833,13.5,50.9,56.1,59.6,60.1,19,21.5,"Batería Ambiente","Cálido"
"TRA-11016-300419",75,308,931,1305,81,77,82,85,12.2,27.2,55.7,65.4,85.3,566.5,2504.8,4253.4,0.07,0.16,0.43,0.55,"2019-09-15","Batería Ambiente","Cálido",95.9,91.6,80,75.2,37.6,134.2,322.1,362.9,109,112,109,109,1.534,1.551,0.6,1.88,5.48,7.16,127.833,129.25,17.9,50,55.4,58.7,59.2,18.9,21.5,"Batería Ambiente","Cálido"
"TRA-12009-300816",78,290,983,1290,90,82,85,NA,11.9,27,59.2,72.7,83.3,529,2622.4,4480.2,0.34,0.49,0.66,0.71,"2017-01-17","Batería Ambiente","Cálido",96.7,92.9,83.9,79.4,40.9,140.3,334.1,377,106,105,109,110,1.44,1.463,0.43,1.17,3.97,5.1,120,121.917,9.6,49.5,55,58.6,59.3,19.6,22.4,"Batería Ambiente","Cálido"
"TRA-12010-170117",83,335,1022,NA,87,83,84,87,11.8,27,62.9,72,82.5,531.9,2598.9,4472,0.06,0.17,0.37,0.45,"2017-06-06","Batería Ambiente","Cálido",94.7,90.4,75.5,70.1,38.1,128.6,290.4,321.6,111,107,108,108,1.509,1.535,0.85,11.1,19.57,24.89,125.75,127.917,7.2,48.3,51.9,56.5,56.9,16.4,18.3,"Piso","Cálido"
"TRA-12011-060617",81,333,1027,1318,85,83,85,85,10.8,27.8,60.4,71.3,75.9,512.5,2543.1,4418.6,0.14,0.27,0.42,0.49,"2017-10-24","Batería Ambiente","Cálido",91.7,94,75.6,73.3,33.7,129.1,312.8,351.8,110,111,111,111,1.555,1.576,1.21,2.99,7.09,9,129.583,131.333,12.7,50.7,55.6,58.8,59.6,18.4,21,"Batería Ambiente","Cálido"
"TRA-12011-1-060617",81,333,1027,1318,85,83,85,85,10.8,27.8,60.4,71.3,75.9,512.5,2543.1,4418.6,0.14,0.27,0.42,0.49,"2017-10-24","Batería Ambiente","Cálido",92.6,91.8,80.6,75.4,36.4,128.9,312.3,352.8,109,108,110,108,1.541,1.56,1.1,2.91,6.37,7.36,128.417,130,11,50.8,55.4,58,58.7,18.1,20.7,"Batería Ambiente","Cálido"
"TRA-12012-1-241017",79,325,995,1283,84,82,80,83,10.3,24.9,52.8,63.5,72,490.2,2268.6,4037.2,0.1,0.2,0.39,0.51,"2018-03-11","Batería Ambiente","Cálido",94.4,88,79.8,74.9,38.3,132.6,313.3,353.1,99,112,109,109,1.553,1.57,1.01,2.67,7.11,8.02,129.417,130.833,14.9,48.2,52.8,56.5,57,17.7,20.1,"Batería Ambiente","Cálido"
"TRA-12012-241017",79,325,995,1283,84,82,80,83,10.3,24.9,52.8,63.5,72,490.2,2268.6,4037.2,0.1,0.2,0.39,0.51,"2018-03-11","Batería Ambiente","Cálido",95.3,90.8,80.1,72.6,38.8,135.1,319.8,359.7,105,110,110,110,1.525,1.55,0.91,2,5.04,6.28,127.083,129.167,16.5,50.5,55.2,58.5,59.2,18.7,21.3,"Batería Ambiente","Cálido"
"TRA-12013-110318",81,309,972,1292,89,79,85.2,81,10.6,28.4,62.2,61.7,74.5,521.9,2553.3,4423.6,0.09,0.25,0.41,0.49,"2018-07-29","Batería Ambiente","Cálido",95.5,92.1,80.7,73.9,35.6,132.6,321.1,361.9,106,108,109,109,1.507,1.529,0.79,1.71,4.54,5.59,125.583,127.417,12.1,51.3,55.8,58.7,59.2,18.8,21.4,"Batería Ambiente","Cálido"
"TRA-12014-290718",84,326,1014,1320,64.6,73,86,87,12,29,56,69.1,84.3,554.6,2497.2,4376.9,0.11,0.24,0.54,0.63,"2018-12-17","Batería Ambiente","Cálido",97.2,93.2,74.5,69.9,31.3,122.4,290.8,326.1,115,113,111,111,1.596,1.624,3.34,9.7,11.99,13.41,133,135.333,18.5,50.5,54.6,56.9,57.4,16.5,18.7,"Piso","Cálido"
"TRA-12015-171218",84,314,968,1340,74,81,84,82,11.3,27.1,59.6,71.3,78.8,535,2528.2,4477.1,0.07,0.22,0.69,0.84,"2019-05-06","Batería Ambiente","Cálido",94.7,90,81,77,34.4,131.1,315.8,357,112,110,109,110,1.556,1.569,0.74,2.45,5.99,7.33,129.667,130.75,16.3,52.3,57.6,60.6,61,19.1,21.8,"Batería Ambiente","Cálido"
"TRA-12017-220919",76,295,972,1292,73,81,83,80,10.9,26,56,59.2,76.4,502.5,2452.7,4268.5,0.11,0.36,0.61,0.76,"2020-02-11","Batería Automática","Cálido",96.2,94.2,NA,NA,33,132.4,NA,NA,109,108,NA,NA,NA,NA,0.59,1.41,NA,NA,NA,NA,16.6,50.7,56.6,0,0,NA,NA,"Batería Ambiente","Cálido"
"TRA-23008-1 P-130616",80,323,1018,1284,77,82,81,84,11.8,25.8,54.2,70.9,82.4,511.1,2484.9,4428,0.1,0.27,0.69,0.84,"2016-11-01","Batería Ambiente","Cálido",NA,90.6,77.6,71.7,NA,126.6,302.3,340.4,NA,110,110,111,1.556,1.577,NA,4.26,10.02,11.28,129.667,131.417,NA,NA,55.5,58.6,59.4,17.7,20.2,"Jaula Tradicional","Cálido"
"TRA-23008-130616",80,323,1018,1284,77,82,81,84,11.8,25.8,54.2,70.9,82.4,511.1,2484.9,4428,0.1,0.27,0.69,0.84,"2016-11-01","Batería Ambiente","Cálido",NA,93.2,84.2,74.2,NA,132.9,324.7,365.8,NA,110,112,111,1.5,1.523,NA,2.14,5.84,7.61,125,126.917,NA,NA,59,61,61.4,19.8,22.5,"Batería Ambiente","Cálido"
"TRA-23009-011116",80,306,980,1330,91,82,86,82.2,12,26.4,52.9,65.7,83.7,527.2,2520.9,4461.8,0.12,0.29,0.62,0.77,"2017-03-20","Batería Ambiente","Cálido",96.5,93.2,81.8,77.2,40,138.1,331.3,373.7,105,109,110,110,1.456,1.478,0.4,1.17,3.96,5.19,121.333,123.167,10,52.2,56.4,59.7,60.2,19.8,22.5,"Batería Ambiente","Cálido"
"TRA-23010-1-200317",84,319,974,1326,84,82,86,85,11.5,24.5,57.6,65.5,80.8,505.1,2579.1,4420.4,0.12,0.22,0.5,0.64,"2017-08-08","Batería Ambiente","Cálido",96.1,89.2,81.7,77.7,42.2,137.7,326.4,367.7,112,112,110,109,1.482,1.503,0.84,2.35,5.45,7.07,123.5,125.25,9.8,49,54,57.9,58.4,18.9,21.5,"Jaula Tradicional","Cálido"
"TRA-23010-200317",84,319,974,1326,84,82,86,85,11.5,24.5,57.6,65.5,80.8,505.1,2579.1,4420.4,0.12,0.22,0.5,0.64,"2017-08-08","Batería Ambiente","Cálido",93.4,99.7,79.3,75.2,34.7,131.7,321.6,361.7,110,111,111,109,1.52,1.541,0.85,2.83,5.85,7.18,126.667,128.417,16.3,50.3,56.1,59.7,59.9,19.2,21.7,"Batería Ambiente","Cálido"
"TRA-23011-080817",82,305,999,1267,91,78,83,83,10.1,22.9,60.2,68.8,70.9,480.2,2426.3,4249.3,0.05,0.18,0.38,0.52,"2017-12-23","Batería Ambiente","Cálido",96.9,93.3,83.9,74.7,41.3,140.7,335.7,378.3,110,108,109,109,1.464,1.485,0.41,1,3.48,4.68,122,123.75,18.1,50.8,55.3,58.7,59.4,19.7,22.5,"Batería Ambiente","Cálido"
"TRA-23011-1-080817",82,305,999,1267,91,78,83,83,10.1,22.9,60.2,68.8,70.9,480.2,2426.3,4249.3,0.05,0.18,0.38,0.52,"2017-12-23","Batería Ambiente","Cálido",96.6,92.1,81.8,74.7,41.2,140.5,335.3,377.3,112,108,109,109,1.48,1.502,0.37,0.95,3.07,4.03,123.333,125.167,13.5,52.4,56,59.1,59.7,19.8,22.5,"Batería Automática","Cálido"
"TRA-23012-1-231217",84,293,998,1307,82,81,83,83,10.5,25.3,61.5,68.9,73.7,512.6,2591.2,4520.1,0.12,0.28,0.45,0.56,"2018-03-13","Batería Ambiente","Cálido",91.4,85.9,76.9,71.8,32.8,121.8,295.6,332.6,101,112,109,109,1.581,1.603,3.5,5.8,9.77,10.9,131.75,133.583,24.9,49.4,53.3,57.2,57.8,16.9,19.2,"Jaula Tradicional","Cálido"
"TRA-23012-231217",84,293,998,1307,82,81,83,83,10.5,25.3,61.5,68.9,73.7,512.6,2591.2,4520.1,0.12,0.28,0.45,0.56,"2018-03-13","Batería Ambiente","Cálido",95,91.1,78.1,71.1,38.2,133.6,315.3,354.3,108,110,110,108,1.528,1.551,2.09,3.21,6.37,8.12,127.333,129.25,17.3,49,54.7,58.5,59.3,18.4,21,"Batería Ambiente","Cálido"
"TRA-23014-300918",88,334,1010,1339,79,82,82,82,10.8,26.4,56.3,65.7,75.6,520.3,2454.4,4312.5,0.14,0.26,0.55,0.69,"2019-02-18","Batería Ambiente","Cálido",97.1,93.1,79.4,73.5,37.7,136.9,323,363.2,112,111,110,109,1.535,1.556,0.49,1.53,4.7,5.47,127.917,129.667,10.4,51.7,56.6,60,60.3,19.4,21.9,"Batería Ambiente","Cálido"
"TRA-23015-180219",85,312,943,1291,86,80,81,82,11.8,26.9,56.8,71.5,82.4,533.8,2453.7,4360.8,0.21,0.39,0.75,0.87,"2019-12-02","Batería Ambiente","Cálido",96,93.8,86.7,80.7,35,134.8,334,379.3,112,110,110,110,1.495,1.504,0.29,0.89,3.2,4.38,124.583,125.333,15,51.8,57.3,60.1,60.6,20.1,23,"Batería Ambiente","Cálido"
"TRA-23017-021219",82,293,919,1250,79,76,81,83,11.3,27,56.5,70.5,79.4,529.2,2459.3,4368.9,0.08,0.26,0.55,0.65,"2020-04-21","Batería Ambiente","Cálido",96.6,94.4,NA,NA,35,134.6,NA,NA,107,110,NA,NA,NA,NA,0.5,1.5,NA,NA,NA,NA,12.8,50.8,56,0,0,NA,NA,"Batería Ambiente","Cálido"
"TRA-24008-1 P-200616",78,317,1018,1293,79,81,80,84,11.1,26.5,59,74.3,77.7,502,2516.3,4478.8,0.07,0.25,0.56,0.64,"2016-11-08","Batería Ambiente","Cálido",NA,91.9,78.8,72.6,NA,134.5,312.5,351.6,NA,111,112,110,1.54,1.564,NA,1.53,7.87,8.66,128.333,130.333,NA,NA,56.9,59.5,60,18.6,21.1,"Jaula Tradicional","Cálido"
"TRA-24008-200616",78,317,1018,1293,79,81,80,84,11.1,26.5,59,74.3,77.7,502,2516.3,4478.8,0.07,0.25,0.56,0.64,"2016-11-08","Batería Ambiente","Cálido",NA,92.1,81.9,73.9,NA,134.7,324.6,365.2,NA,110,112,111,1.503,1.527,NA,2.04,6.22,8.05,125.25,127.25,NA,NA,56.4,60.1,60.6,19.5,22.1,"Batería Ambiente","Cálido"
"TRA-24009-081116",78,303,963,1314,87,82,84,85,12.3,26.9,60.1,69.6,86.1,523.9,2548.8,4475.3,0.04,0.15,0.31,0.43,"2017-03-28","Batería Ambiente","Cálido",94.7,91.9,82,77.6,40.2,137.5,328.4,371,101,102,109,104,1.448,1.467,0.45,1.39,4.47,5.62,120.667,122.25,10.3,51.8,56.5,59.3,60,19.5,22.3,"Batería Ambiente","Cálido"
"TRA-24010-1-280317",82,337,986,1314,81,81,88,84,11.4,27,65.4,42.4,79.5,510.6,2617.7,4292.6,0.12,0.24,0.4,0.58,"2017-08-15","Batería Ambiente","Cálido",94.7,89.2,80.9,75.5,39.7,135.2,320.2,360.4,112,97,109,109,1.484,1.507,1.06,2.99,6.66,8.32,123.667,125.583,2.8,49.4,53.5,57.4,57.8,18.4,20.8,"Jaula Tradicional","Cálido"
"TRA-24010-280317",82,337,986,1314,81,81,88,84,11.4,27,65.4,42.4,79.5,510.6,2617.7,4292.6,0.12,0.24,0.4,0.58,"2017-08-15","Batería Ambiente","Cálido",95.1,92.4,79.6,75.4,39.1,134.8,321.8,362,112,108,109,109,1.527,1.548,0.74,2.29,5.41,6.84,127.25,129,9.4,49.7,55.1,58.8,59.2,18.9,21.4,"Batería Ambiente","Cálido"
"TRA-24011-150817",81,324,998,1275,83,81,82,84,11.2,25.7,61.3,72,78.2,515.5,2498.2,4421.9,0.06,0.17,0.38,0.5,"2018-01-01","Batería Ambiente","Cálido",96.7,92.8,81.9,74.8,40.8,140.2,335.5,377.8,112,110,109,109,1.488,1.509,0.34,0.82,2.72,3.8,124,125.75,13.8,52.2,55.9,59.2,59.8,19.9,22.6,"Batería Ambiente","Cálido"
"TRA-24012-010118",83,308,958,1294,84,85,84,83,11,26.7,58.3,64.9,77,503.7,2532.4,4460.2,0.15,0.32,0.52,0.66,"2018-05-20","Batería Ambiente","Cálido",91.1,91.6,79.2,69,36.4,131.3,313.2,351.6,111,110,109,109,1.543,1.566,2.1,3.41,7.61,9.4,128.583,130.5,20.2,49.1,54.8,58.5,59.3,18.3,20.8,"Batería Ambiente","Cálido"
"TRA-24012-1-010118",83,308,958,1294,84,85,84,83,11,26.7,58.3,64.9,77,503.7,2532.4,4460.2,0.15,0.32,0.52,0.66,"2018-05-20","Batería Ambiente","Cálido",93.2,89.6,75.2,68.4,37.6,131.7,310.5,347.4,112,112,109,110,1.579,1.607,1.47,3.13,6.87,9.07,131.583,133.917,23.3,49.3,53.2,57.3,58,17.8,20.1,"Batería Ambiente","Cálido"
"TRA-24014-071018",86,327,1008,1334,77,84,82,82,9.6,28.6,55.6,66,67.5,507.1,2444.3,4251.7,0.11,0.27,0.6,0.71,"2019-02-25","Batería Ambiente","Cálido",96.4,91.3,79.5,72.4,39.6,138.5,322.9,362.5,110,107,109,109,1.527,1.551,0.52,2.04,5.48,6.85,127.25,129.25,12.6,51.2,56.5,59.7,60.3,19.3,21.9,"Batería Ambiente","Cálido"
"TRA-24015(1)-250219",84,305,945,1296,77,84,82,82,9.6,28.6,55.6,66,67.5,507.1,2444.3,4251.7,0.11,0.27,0.6,0.71,"2019-02-25","Batería Automática","Cálido",95.4,93.7,86.8,81.3,38.5,137.2,335.7,380.4,112,110,110,110,1.485,1.497,0.5,1.17,3.58,4.91,123.75,124.75,10.7,51.2,56.1,58.9,59.3,19.8,22.6,"Batería Ambiente","Cálido"
"TRA-24015-250219",84,305,945,1296,78,86,83,84,10.5,27,56.2,72.3,73.2,538.2,2451.8,4363,0.09,0.28,0.68,0.84,"2019-07-15","Batería Ambiente","Cálido",95.7,93.8,87.1,81.5,35.6,135.2,334.3,379,112,110,110,110,1.49,1.501,0.48,1.2,3.68,4.99,124.167,125.083,16.2,49.7,55.6,58.5,59,19.6,22.4,"Batería Ambiente","Cálido"
"VN-525-141216",70,252,927,1251,77,64,66.6,88.1,15.2,21.8,61.2,77.3,106.3,530.4,2523.5,4608.2,0.47,0.64,0.79,1.39,"2017-09-29","Batería Ambiente","Frío",96.8,94.1,80.9,74.5,27.5,128,319.4,361.1,108,110,110,110,1.488,1.514,0.49,0.98,3.03,3.92,124,126.167,13,52.8,57.5,60,60.4,19.2,21.8,"Batería Automática","Frío"
"VN-537-290917",82,265,946,1296,89.5,75,93.5,91.5,12.6,19.1,55.6,68.5,88.5,475.1,2206.2,4006.2,0.12,0.23,0.3,0.43,"2017-11-15","Jaula Tradicional","Frío",96.4,93.8,81.2,74.6,29.9,129.9,325.5,367.9,104,113,109,114,1.524,1.545,0.19,0.75,2.09,2.97,127,128.75,16.3,54.4,58.9,61.4,61.8,20,22.7,"Jaula Tradicional","Frío"
"VN-540A-151117",83,271,943,1291,82.01666667,74.83333333,77.83333333,81.66666667,10,23.95,57.23333333,80.11666667,69.93333333,514.8833333,2468.583333,7721.366667,0.526666667,0.81,1.665,1.906666667,"2019-06-17","Jaula Tradicional","Frío",95.9,93,79.5,73.8,29.4,128.4,319.7,361.2,113,114,111,113,1.534,1.558,0.82,1.22,2.59,3.53,127.833,129.833,17,53,57.2,59.7,60.2,19.1,21.7,"Batería Automática","Frío"
